Wine_Name,Winery_Name
Вранец,Zaharchev Winery and Distillery
Вранец,Winery Chateau Sopot
Вранец,Winery Kartal
Вранец,Winery Popova kula
Вранец,Royal Winery Queen Maria
Вранец,Winery Brzanov
Вранец,Family Winery Peskov
Вранец,Winery Stobi
Вранец,Winery Popov
Вранец,S&S Winery
Вранец,Monastery Winery
Вранец,Winery Eros
Вранец,OldSchool Winery
Вранец,Winery Sarika
Вранец,Wine Bar & Winery Mal Sv. Kliment
Вранец,Winery Lazar
Вранец,Winery Valandovo
Вранец,Winery Skovin
Вранец,Winery Venec
Вранец,Winery Anevski
Вранец,Dalvina Winery
Вранец,Winery Badi
Вранец,Skovin AD Skopje Winery
Вранец,Wine Cellar Tikves AD Skopje
Вранец,Winery Ezimit
Вранец,Winery Grkov
Вранец,Imako Vino Winery
Вранец,Ciflik Winery
Вранец,GD Tikves Winery
Вранец,Ivanov Winery
Вранец,MILEV Winery
Вранец,Winery Movino
Вранец,Traikovsky Wines & Spirits
Вранец,Winery Bovin
Вранец,Winery Paragon
Кратошија,Winery Kamnik
Кратошија,Winery Kartal
Кратошија,Winery Brzanov
Кратошија,Winery Stobi
Кратошија,Winery Popov
Кратошија,Winery Lazar
Кратошија,Winery Skovin
Кратошија,Winery Venec
Кратошија,Skovin AD Skopje Winery
Кратошија,Wine Cellar Tikves AD Skopje
Кратошија,Imako Vino Winery
Кратошија,GD Tikves Winery
Кратошија,MILEV Winery
Кратошија,Winery Bovin
Каберне Совињон,Winery Kamnik
Каберне Совињон,Winery Chateau Sopot
Каберне Совињон,Winery Kartal
Каберне Совињон,Winery Popova kula
Каберне Совињон,Royal Winery Queen Maria
Каберне Совињон,Winery Brzanov
Каберне Совињон,Winery Kuvin
Каберне Совињон,Winery Stobi
Каберне Совињон,Winery Popov
Каберне Совињон,S&S Winery
Каберне Совињон,Monastery Winery
Каберне Совињон,Winery Eros
Каберне Совињон,OldSchool Winery
Каберне Совињон,Winery Lazar
Каберне Совињон,Winery Valandovo
Каберне Совињон,Winery Skovin
Каберне Совињон,Winery Venec
Каберне Совињон,Winery Jostela
Каберне Совињон,Winery Anevski
Каберне Совињон,Dalvina Winery
Каберне Совињон,Winery Badi
Каберне Совињон,Skovin AD Skopje Winery
Каберне Совињон,Wine Cellar Tikves AD Skopje
Каберне Совињон,Winery Grkov
Каберне Совињон,Imako Vino Winery
Каберне Совињон,GD Tikves Winery
Каберне Совињон,MILEV Winery
Каберне Совињон,Winery Bovin
Каберне Совињон,Winery Paragon
Каберне Совињон,Miron Winery
Мерлот,Winery Kamnik
Мерлот,Winery Chateau Sopot
Мерлот,Winery Kartal
Мерлот,Royal Winery Queen Maria
Мерлот,Winery Brzanov
Мерлот,Winery Kuvin
Мерлот,Winery Stobi
Мерлот,Winery Popov
Мерлот,Winery Eros
Мерлот,OldSchool Winery
Мерлот,Winery Lazar
Мерлот,Winery Valandovo
Мерлот,Winery Venec
Мерлот,Winery Jostela
Мерлот,Winery Anevski
Мерлот,Dalvina Winery
Мерлот,Winery Badi
Мерлот,Wine Cellar Tikves AD Skopje
Мерлот,Winery Ezimit
Мерлот,Winery Grkov
Мерлот,Imako Vino Winery
Мерлот,GD Tikves Winery
Мерлот,MILEV Winery
Мерлот,Winery Bovin
Мерлот,Winery Paragon
Мерлот,Ivanov Winery
Мерлот,Winery Movino
Розе,Zaharchev Winery and Distillery
Розе,Winery Kamnik
Розе,Winery Chateau Sopot
Розе,Winery Kartal
Розе,Winery Popova kula
Розе,Royal Winery Queen Maria
Розе,Winery Brzanov
Розе,Family Winery Peskov
Розе,Winery Stobi
Розе,Winery Popov
Розе,S&S Winery
Розе,Monastery Winery
Розе,Winery Eros
Розе,OldSchool Winery
Розе,Winery Sarika
Розе,Wine Bar & Winery Mal Sv. Kliment
Розе,Winery Lazar
Розе,Winery Valandovo
Розе,Winery Skovin
Розе,Winery Venec
Розе,Winery Jostela
Розе,Winery Anevski
Розе,Dalvina Winery
Розе,Winery Badi
Розе,Skovin AD Skopje Winery
Розе,Wine Cellar Tikves AD Skopje
Розе,Winery Ezimit
Розе,Imako Vino Winery
Розе,Ciflik Winery
Розе,GD Tikves Winery
Розе,Ivanov Winery
Розе,MILEV Winery
Розе,Traikovsky Wines & Spirits
Розе,Winery Bovin
Розе,Winery Paragon
Розе,Domaine Lepovo
Смедеревка,Winery Kamnik
Смедеревка,Winery Chateau Sopot
Смедеревка,Winery Kartal
Смедеревка,Royal Winery Queen Maria
Смедеревка,Winery Kuvin
Смедеревка,Winery Brzanov
Смедеревка,Winery Stobi
Смедеревка,S&S Winery
Смедеревка,Monastery Winery
Смедеревка,Winery Eros
Смедеревка,OldSchool Winery
Смедеревка,Winery Sarika
Смедеревка,Winery Lazar
Смедеревка,Winery Valandovo
Смедеревка,Winery Skovin
Смедеревка,Winery Venec
Смедеревка,Winery Anevski
Смедеревка,Dalvina Winery
Смедеревка,Winery Badi
Смедеревка,Skovin AD Skopje Winery
Смедеревка,Wine Cellar Tikves AD Skopje
Смедеревка,Imako Vino Winery
Смедеревка,GD Tikves Winery
Смедеревка,MILEV Winery
Смедеревка,Winery Bovin
Смедеревка,Winery Paragon
Шардоне,Winery Kamnik,
Шардоне,Winery Chateau Sopot
Шардоне,Winery Kartal
Шардоне,Royal Winery Queen Maria
Шардоне,Winery Kuvin
Шардоне,Winery Brzanov
Шардоне,Winery Stobi
Шардоне,Winery Popov
Шардоне,OldSchool Winery
Шардоне,Winery Venec
Шардоне,Dalvina Winery
Шардоне,Wine Cellar Tikves AD Skopje
Шардоне,Winery Ezimit
Шардоне,Imako Vino Winery
Шардоне,Ciflik Winery
Шардоне,GD Tikves Winery
Шардоне,MILEV Winery
Шардоне,Winery Movino
Шардоне,Winery Bovin
Шардоне,Winery Paragon
Шардоне,Domaine Lepovo
Темјаника,Zaharchev Winery and Distillery
Темјаника,Winery Kamnik
Темјаника,Winery Chateau Sopot
Темјаника,Winery Kartal
Темјаника,Winery Popova kula
Темјаника,Royal Winery Queen Maria
Темјаника,Winery Kuvin
Темјаника,Family Winery Peskov
Темјаника,Winery Stobi
Темјаника,Winery Popov
Темјаника,S&S Winery
Темјаника,Monastery Winery
Темјаника,Winery Eros
Темјаника,OldSchool Winery
Темјаника,Wine Bar & Winery Mal Sv. Kliment
Темјаника,Winery Lazar
Темјаника,Winery Skovin
Темјаника,Winery Venec
Темјаника,Skovin AD Skopje Winery
Темјаника,Imako Vino Winery
Темјаника,GD Tikves Winery
Темјаника,Ivanov Winery
Темјаника,MILEV Winery
Темјаника,Traikovsky Wines & Spirits
Темјаника,Winery Bovin
Темјаника,Winery Paragon
Жилавка,Winery Popova kula
Жилавка,Winery Stobi
Жилавка,Winery Eros
Жилавка,Winery Venec
Жилавка,Winery Jostela
Жилавка,Wine Cellar Tikves AD Skopje
Жилавка,Imako Vino Winery
Жилавка,GD Tikves
Грашевина,Winery Kartal
Грашевина,Winery Brzanov
Грашевина,Winery Stobi
Грашевина,Winery Venec
Грашевина,Wine Cellar Tikves AD Skopje
Грашевина,Imako Vino Winery
Грашевина,GD Tikves Winery
Шампањско,Winery Chateau Sopot
Шампањско,Winery Lazar
Шампањско,Winery Kamnik
Шампањско,Winery Popov